{
  "recommendations_total": [
    {
      "timestamp": 1742745979.5463548,
      "value": 2
    }
  ],
  "recommendations_valid": [
    {
      "timestamp": 1742745979.5463548,
      "value": 2
    }
  ],
  "risk_score_avg": [
    {
      "timestamp": 1742745979.5463548,
      "value": 35.0
    }
  ]
}